INSERT INTO municipio VALUES (3505500, 'BARRETOS');
INSERT INTO municipio VALUES (2611101, 'PETROLINA');
INSERT INTO municipio VALUES (3516200, 'FRANCA');
INSERT INTO municipio VALUES (3523107, 'ITAQUAQUECETUBA');
INSERT INTO municipio VALUES (4314902, 'PORTO ALEGRE');

INSERT INTO cnae VALUES (1,'INDUSTRIA DE TRANSFORMACAO','C1011200', 'PRODUTOS ALIMENTICIOS', 'ABATE DE RESES');
INSERT into cnae VALUES (2,'AGROPECUARIA E PESCA', 'A0119900', 'AGROPECUARIA', 'CULT PLANTAS LAVOURA');
INSERT INTO cnae VALUES (3,'INDUSTRIA DE TRANSFORMACAO','C1530000', 'COURO, ARTEFATO E CALCADO', 'FABRICACAO DE CALCADOS');
INSERT INTO cnae VALUES (4,'INDUSTRIA DE TRANSFORMACAO','C2833000', 'MAQUINAS E EQUIPAMENTOS', 'FAB MAO EO P/AGRIC');
INSERT INTO cnae VALUES (5,'INDUSTRIA DE TRANSFORMACAO','C2110600', 'FARMOQUIMICO', 'FAB PRODUTOS FARMOQUIMICOS');

INSERT INTO usuario VALUES (101203770001, 'MINERVA S.A', 'GRANDE', 'AREA DE INDUSTRIA E SERVICOS', 3505500, 1);
INSERT INTO usuario VALUES (261160000000, 'FRUTIVITA S.A', 'PEQUENA', 'AREA DE INDUSTRIA E SERVIÇOS', 2611101, 2 );
INSERT INTO usuario VALUES (376328634823, 'CALCADOS CHICARONI', 'MEDIA', 'AREA DE INDUSTRIA E SERVIÇOS', 3516200, 3 );
INSERT INTO usuario VALUES (377397434894, 'KEPLER WEBER', 'GRANDE', 'AREA DE INDUSTRIA E SERVIÇOS', 4314902, 4 );
INSERT INTO usuario VALUES (456976558548, 'SANRISIL S.A', 'MEDIA', 'AREA DE INDUSTRIA E SERVIÇOS', 3523107, 5 );

INSERT INTO cliente VALUES (101203770001, 'PRIVADA', 'INDUSTRIA', 'ALIMENTO E BEBIDA' );
INSERT INTO cliente VALUES (261160000000, 'PRIVADA', 'AGROPECUARIA', 'AGROPECUARIA' );
INSERT INTO cliente VALUES (376328634823, 'PRIVADA', 'INDUSTRIA', 'OUTRAS' );
INSERT INTO cliente VALUES (377397434894, 'PRIVADA', 'INDUSTRIA', 'MECANICA' );
INSERT INTO cliente VALUES (456976558548, 'PRIVADA', 'INDUSTRIA', 'QUIMICA PETROQUIMICA' );

INSERT INTO produto VALUES (1, 7035625,'RECURSOS LIVRES- FAT', 'REEMBOLSAVEL', 'INDIRETA', 'nao sei');
INSERT INTO produto VALUES (2, 496416,'RECURSOS LIVRES- FAT', 'REEMBOLSAVEL', 'INDIRETA', 'nao sei');
INSERT INTO produto VALUES (3, 120618,'RECURSOS LIVRES- FAT', 'REEMBOLSAVEL', 'INDIRETA', 'nao sei');
INSERT INTO produto VALUES (4, 1209517,'RECURSOS LIVRES- FAT', 'REEMBOLSAVEL', 'INDIRETA', 'nao sei');
INSERT INTO produto VALUES (5, 5825563,'RECURSOS LIVRES- FAT CAMBIAL', 'REEMBOLSAVEL', 'INDIRETA', 'nao sei');

INSERT INTO pre VALUES (1, 7028400,'PRE EMBARQUE - ESPECIAL');
INSERT INTO pre VALUES (2, 485967,'PRE EMBARQUE - ESPECIAL');
INSERT INTO pre VALUES (3, 120469,'PRE EMBARQUE');
INSERT INTO pre VALUES (4, 1208400,'PRE EMBARQUE - ESPECIAL');
INSERT INTO pre VALUES (5, 4838859,'PRE EMBARQUE');

INSERT INTO produto_usuario VALUES (101203770001, 1, '2002-01-08', 'LIQUIDADA');
INSERT INTO produto_usuario VALUES (261160000000, 2, '2002-01-09', 'LIQUIDADA');
INSERT INTO produto_usuario VALUES (376328634823, 3, '2002-01-10', 'LIQUIDADA');
INSERT INTO produto_usuario VALUES (377397434894, 4, '2002-01-14', 'LIQUIDADA');
INSERT INTO produto_usuario VALUES (456976558548, 5, '2002-01-14', 'LIQUIDADA');

INSERT INTO financeira VALUES (47895743256788, 'NAO', 'BOSTON NEGOCIOS');
INSERT INTO financeira VALUES (76834483764367, 'NAO', 'BRADESCO FINANCIAMENTOS');
INSERT INTO financeira VALUES (76346733876783, 'NAO', 'BANCO FIBRA');
INSERT INTO financeira VALUES (45754985749767, 'NAO', 'BANCO UNICO');
INSERT INTO financeira VALUES (43654394394395, 'NAO', 'BANCO ABC BRASIL');

INSERT INTO produto_financiamento VALUES (1, 47895743256788);
INSERT INTO produto_financiamento VALUES(2, 76834483764367);
INSERT INTO produto_financiamento VALUES(3, 76346733876783);
INSERT INTO produto_financiamento VALUES(4, 45754985749767);
INSERT INTO produto_financiamento VALUES(5, 43654394394395);
